{"cameraMode":{"drawMode":0,"name":"Shaded","section":"Shading Mode"},"sceneLighting":true,"audioPlay":false,"sceneViewState":{"m_AlwaysRefresh":false,"showFog":true,"showSkybox":true,"showFlares":true,"showImageEffects":true,"showParticleSystems":true,"showVisualEffectGraphs":true,"m_FxEnabled":true},"in2DMode":false,"pivot":{"x":1.401021957397461,"y":1.992483139038086,"z":3.962339401245117},"rotation":{"x":-0.2565484046936035,"y":0.018271299079060556,"z":-0.004855412524193525,"w":-0.9663326740264893},"size":27.928014755249025,"orthographic":false}