{"cameraMode":{"drawMode":0,"name":"Shaded","section":"Shading Mode"},"sceneLighting":false,"audioPlay":false,"sceneViewState":{"m_AlwaysRefresh":false,"showFog":true,"showSkybox":false,"showFlares":true,"showImageEffects":true,"showParticleSystems":true,"showVisualEffectGraphs":true,"m_FxEnabled":true},"in2DMode":false,"pivot":{"x":-38.01089096069336,"y":1.3761367797851563,"z":-0.23794174194335938},"rotation":{"x":0.16128388047218324,"y":0.008880947716534138,"z":-0.0014589224010705948,"w":0.9868567585945129},"size":3.0161142349243166,"orthographic":false}